title,text,subject,date
"Government announces that drinking coffee prevents all diseases, scientists say",A viral social media post claims that a new government-backed study proves drinking several cups of coffee every day prevents every known disease. The claim provides no scientific evidence or official source.,News Agency,2024-01-10
Scientists discover miracle plant that makes people live to 150,An online article says researchers discovered a plant that can extend human life to 150 years. The article does not identify a published study or research institution supporting the claim.,Online News,2024-02-15
Celebrity becomes president after secret midnight election,A widely shared story claims a famous actor was secretly elected president during a midnight ceremony. No election authority or reputable news organization reported such an event.,Viral Blog,2024-03-02
Mobile phone battery can be charged fully by placing it in sunlight,A misleading post says smartphones can be fully charged in minutes by leaving them directly under strong sunlight. Technology experts warn that this can heat and damage a phone.,Social Media,2024-03-21
Scientists say eating only chocolate can replace all meals,A fabricated report claims researchers have developed a chocolate diet that provides every nutrient required by the human body. No credible medical research supports the claim.,Viral Website,2024-04-05
New law gives every citizen free luxury cars,A website claims the government has passed a law promising a free luxury vehicle to every citizen. The report does not provide an official government notification or legislation.,Fake News Site,2024-04-18
Drinking salt water cures every viral infection,A false health article claims that drinking concentrated salt water immediately cures viral infections. Medical authorities do not recommend this treatment.,Health Blog,2024-05-11
School examinations cancelled permanently across the country,A social media post claims all school examinations have been permanently cancelled. No education department announcement supports the claim.,Social Media,2024-06-03
Internet users will receive free laptops from a secret government scheme,A viral message asks people to share their personal information to receive a free laptop under an alleged government scheme. No official scheme is cited.,Viral Message,2024-06-20
Researchers invent device that predicts every future event,A sensational article claims a research team has built a machine capable of predicting every future event with perfect accuracy. No credible scientific evidence is provided.,Online Blog,2024-07-14
Government will shut down the internet every weekend,A fabricated report says the government plans to shut down internet services nationwide every weekend. It cites no official notification or telecommunications authority.,Fake News Site,2024-08-01
Eating one fruit permanently increases intelligence,A viral health story claims eating one particular fruit permanently raises intelligence. The report gives no credible research evidence for the claim.,Viral Blog,2024-08-25
